factor_1,factor_2,correlation
ema_50,ema_60,0.9999522214373389
ema_10,ema_20,0.9997852452334991
ema_20,ema_50,0.9992491870864312
ema_20,ema_60,0.9988610168620069
ema_10,ema_50,0.9984008713404362
ema_10,ema_60,0.9979112508858218
ema_60,ema_200,0.9974360088631717
ema_50,ema_200,0.996822868362705
ema_20,ema_200,0.9942083815214169
ema_10,ema_200,0.9930128421586053
rsi_21,rsi_28,0.9874994424688093
rsi,rsi_21,0.9768437791218924
macd,signal,0.9517851707080653
rsi,rsi_28,0.934529890618378
ema_200,atr,0.9164087548095248
ema_60,atr,0.9153641802844384
ema_50,atr,0.9141095013572222
ema_20,atr,0.907326882069803
ema_10,atr,0.9037593935116939
