entry_date,exit_date,entry_price,exit_price,position_size,holding_days,gross_return
1984-09-10,1984-09-11,9.822,9.8198,1.0,1,-0.0002239869680308315
1984-09-12,1984-09-13,9.8231,9.817,1.0,1,-0.0006209852286955808
1984-09-24,1984-10-18,9.8209,9.8253,1.0,18,0.0004480241118431927
1984-11-09,1984-11-27,9.8359,9.8298,1.0,11,-0.0006201771063145678
1985-01-08,1985-01-10,9.8147,9.8058,1.0,2,-0.0009068030607151112
1985-01-17,1985-03-21,9.8142,9.8387,1.0,44,0.0024963827922805937
1985-04-08,1985-04-10,9.8521,9.846,1.0,2,-0.0006191573370144532
1985-05-02,1985-05-16,9.8538,9.8443,1.0,10,-0.0009640950699222328
1985-05-24,1985-06-20,9.8588,9.8694,1.0,18,0.0010751815636791395
1985-07-22,1985-08-20,9.8644,9.8716,1.0,21,0.0007298974088643106
1985-09-30,1985-10-14,9.8694,9.8655,1.0,10,-0.00039516080004864396
1985-11-18,1985-12-04,9.851,9.8482,1.0,11,-0.00028423510303532407
1985-12-05,1985-12-17,9.8499,9.8477,1.0,8,-0.00022335252134542127
1986-01-10,1986-01-14,9.8382,9.8359,1.0,2,-0.00023378260250861427
1986-01-22,1986-02-07,9.8354,9.8326,1.0,12,-0.00028468593041464096
1986-02-10,1986-02-19,9.8332,9.8281,1.0,6,-0.000518651100353984
1986-03-03,1986-03-18,9.8298,9.8198,1.0,11,-0.001017314696128091
1986-04-03,1986-04-17,9.8192,9.8103,1.0,10,-0.0009063874857422327
1986-05-02,1986-05-05,9.8036,9.7963,1.0,1,-0.0007446244236809507
1986-05-29,1986-07-03,9.7745,9.7717,1.0,25,-0.0002864596654560403
1986-07-07,1986-07-14,9.7807,9.7779,1.0,5,-0.00028627807825598595
1986-07-15,1986-08-11,9.784,9.7902,1.0,19,0.0006336876533115099
1986-09-03,1986-09-23,9.7846,9.7784,1.0,14,-0.0006336487950452385
1986-09-29,1986-10-13,9.7946,9.7851,1.0,10,-0.0009699222020297382
1986-10-20,1986-10-27,9.7929,9.7879,1.0,5,-0.0005105739872763859
1986-11-19,1986-11-24,9.7835,9.7701,1.0,3,-0.0013696529871723984
1986-12-15,1987-01-07,9.7533,9.7399,1.0,15,-0.0013738939640941528
1987-02-06,1987-02-13,9.6987,9.6624,1.0,5,-0.003742769649540678
1987-03-05,1987-04-03,9.6339,9.6194,1.0,21,-0.0015051017760201457
1987-04-08,1987-04-09,9.6317,9.6228,1.0,1,-0.0009240321023288312
1987-04-13,1987-04-16,9.6384,9.6205,1.0,3,-0.0018571547144755618
1987-05-11,1987-06-16,9.596,9.5692,1.0,25,-0.0027928303459774373
1987-06-26,1987-07-14,9.5781,9.5558,1.0,11,-0.0023282279366471093
1987-07-29,1987-08-06,9.5736,9.5268,1.0,6,-0.004888443218851957
1987-09-02,1987-09-24,9.4754,9.4352,1.0,15,-0.00424256495767994
1987-10-07,1987-11-04,9.4442,9.6183,1.0,20,0.018434594777747115
1987-12-03,1987-12-08,9.6673,9.6316,1.0,3,-0.0036928615021772915
1988-01-11,1988-02-16,9.5602,9.5713,1.0,25,0.001161063576075927
1988-03-17,1988-04-12,9.5379,9.5669,1.0,17,0.0030405015779153555
1988-04-14,1988-04-22,9.587,9.5813,1.0,6,-0.0005945551267340088
1988-05-11,1988-05-31,9.587,9.5691,1.0,13,-0.0018671117137789572
1988-06-27,1988-06-29,9.5423,9.5255,1.0,2,-0.0017605818303763066
1988-07-07,1988-08-02,9.53,9.5411,1.0,18,0.0011647429171040002
1988-08-09,1988-09-09,9.5512,9.578,1.0,22,0.002805930144903268
1988-10-05,1988-10-20,9.5746,9.5691,1.0,11,-0.0005744365299855669
1988-10-27,1988-11-09,9.5914,9.5891,1.0,9,-0.00023979815251162773
1988-11-21,1988-12-01,9.6125,9.5936,1.0,7,-0.001966189856957179
1989-01-03,1989-01-04,9.579,9.5646,1.0,1,-0.001503288443470141
1989-01-17,1989-03-08,9.579,9.6248,1.0,35,0.004781292410481308
1989-03-09,1989-03-13,9.6315,9.627,1.0,2,-0.0004672169444012164
1989-04-28,1989-05-05,9.5913,9.569,1.0,5,-0.0023250237194123446
1989-06-05,1989-07-19,9.5199,9.5779,1.0,31,0.006092500971648818
1989-07-25,1989-07-28,9.5935,9.5879,1.0,3,-0.0005837285662168012
1989-08-17,1989-08-18,9.5734,9.5623,1.0,1,-0.0011594626778363981
1989-09-14,1989-10-06,9.5399,9.5097,1.0,16,-0.0031656516315683447
1989-10-23,1989-11-13,9.5221,9.5243,1.0,15,0.00023104147194419333
1989-11-14,1989-12-04,9.5399,9.5354,1.0,13,-0.0004717030576840697
1989-12-06,1989-12-29,9.5577,9.6247,1.0,16,0.007010054720277825
1990-01-17,1990-01-24,9.6426,9.6359,1.0,5,-0.0006948333437040155
1990-04-02,1990-04-16,9.58,9.5488,1.0,9,-0.003256784968684756
1990-04-19,1990-05-08,9.58,9.5666,1.0,13,-0.001398747390396693
1990-05-18,1990-05-24,9.5845,9.5644,1.0,4,-0.0020971360008348316
1990-05-25,1990-06-21,9.5822,9.5654,1.0,18,-0.001753250819227281
1990-07-18,1990-08-29,9.5409,9.6067,1.0,30,0.0068966240082171115
1990-09-11,1990-10-09,9.6358,9.6893,1.0,20,0.0055522115444488485
1990-10-10,1990-10-11,9.7027,9.6916,1.0,1,-0.001144011460727512
1990-11-30,1990-12-03,9.6112,9.5988,1.0,1,-0.0012901614782753201
1990-12-14,1990-12-20,9.5832,9.5464,1.0,4,-0.0038400534268302478
1990-12-28,1991-01-10,9.5554,9.5185,1.0,8,-0.003861690771710391
1991-02-14,1991-03-07,9.4292,9.3388,1.0,14,-0.009587239638569445
1991-03-22,1991-04-02,9.3745,9.2897,1.0,6,-0.009045815776841382
1991-04-08,1991-05-14,9.3142,9.4616,1.0,26,0.015825299005819193
1991-05-17,1991-05-28,9.5196,9.5285,1.0,6,0.0009349132316482933
1991-06-13,1991-06-21,9.563,9.5642,1.0,6,0.0001254836348425492
1991-08-28,1991-10-14,9.4637,9.4938,1.0,32,0.0031805741940256205
1991-10-29,1991-11-11,9.4771,9.4593,1.0,9,-0.0018782116892297473
1991-11-19,1991-12-17,9.4815,9.4882,1.0,19,0.0007066392448453751
1992-01-23,1992-02-25,9.3632,9.3275,1.0,22,-0.0038127990430621983
1992-03-04,1992-03-26,9.3587,9.3677,1.0,16,0.0009616720270977375
1992-03-27,1992-04-15,9.3945,9.3989,1.0,13,0.0004683591463088277
1992-04-28,1992-04-29,9.4547,9.4302,1.0,1,-0.002591303795995814
1992-05-20,1992-06-30,9.4034,9.5105,1.0,28,0.011389497415828398
1992-08-07,1992-08-13,9.5517,9.5395,1.0,4,-0.0012772595454212388
1992-09-17,1992-10-14,9.5283,9.5283,1.0,19,0.0
1992-11-23,1992-12-22,9.4323,9.3976,1.0,20,-0.003678848213055086
1992-12-30,1993-01-06,9.4144,9.3876,1.0,4,-0.0028467029231814545
1993-01-18,1993-03-03,9.4077,9.4512,1.0,31,0.0046238719346918256
1993-03-22,1993-04-20,9.4635,9.4925,1.0,20,0.0030644053468589227
1993-06-01,1993-07-09,9.43,9.6108,1.0,27,0.019172852598091206
1993-07-16,1993-07-29,9.6934,9.6956,1.0,9,0.00022695854911591873
1993-10-01,1993-10-06,9.7357,9.728,1.0,3,-0.0007909035816633381
1993-10-07,1993-10-11,9.7335,9.7268,1.0,2,-0.0006883443776646292
1993-11-09,1993-11-16,9.6699,9.6353,1.0,5,-0.0035781135275441134
1993-11-22,1993-12-31,9.6486,9.6777,1.0,27,0.0030159815931845024
1994-01-17,1994-01-21,9.6677,9.6408,1.0,4,-0.002782461185183549
1994-02-24,1994-04-26,9.6117,9.6598,1.0,42,0.005004317654525137
1994-05-16,1994-05-18,9.6754,9.6654,1.0,2,-0.001033549000558076
1994-05-31,1994-06-20,9.6776,9.6966,1.0,14,0.0019632966851286238
1994-06-21,1994-06-22,9.7066,9.7044,1.0,1,-0.00022664990830978393
1994-06-23,1994-06-27,9.7145,9.7044,1.0,2,-0.0010396829481702508
1994-08-18,1994-10-05,9.6295,9.6005,1.0,33,-0.0030115790020249777
1994-11-02,1994-12-14,9.5692,9.6005,1.0,29,0.0032709108389414876
1995-01-23,1995-02-09,9.5614,9.5491,1.0,13,-0.0012864224904304278
1995-02-21,1995-03-23,9.5726,9.6071,1.0,22,0.003604036520903575
1995-03-29,1995-04-03,9.6317,9.6217,1.0,3,-0.0010382383172232723
1995-04-04,1995-04-06,9.6361,9.6105,1.0,2,-0.0026566764562427903
1995-05-26,1995-06-20,9.5574,9.5156,1.0,16,-0.004373574403080394
1995-06-30,1995-08-17,9.524,9.5401,1.0,33,0.0016904661906762541
1995-08-30,1995-09-07,9.5512,9.539,1.0,5,-0.0012773264092470482
1995-09-13,1995-10-02,9.5602,9.6026,1.0,13,0.004435053659965327
1995-10-09,1995-10-12,9.6278,9.6233,1.0,3,-0.00046739649764226954
1995-11-22,1995-11-24,9.5936,9.5797,1.0,1,-0.001448882588392264
1995-11-27,1996-01-05,9.5869,9.6327,1.0,27,0.004777352428835258
1996-01-19,1996-02-12,9.6718,9.6852,1.0,16,0.0013854711635890027
1996-03-04,1996-03-18,9.7041,9.7053,1.0,10,0.00012365907193845338
1996-03-25,1996-03-27,9.7242,9.7131,1.0,2,-0.0011414820756462385
1996-03-28,1996-03-29,9.7225,9.7192,1.0,1,-0.0003394188737464443
1996-04-30,1996-05-06,9.7209,9.7098,1.0,4,-0.001141869579977195
1996-05-23,1996-07-18,9.7041,9.7522,1.0,38,0.004956667800208203
1996-09-05,1996-09-20,9.7343,9.7343,1.0,11,0.0
1996-09-23,1996-10-01,9.7388,9.7187,1.0,6,-0.0020639093112087004
1996-10-25,1996-11-06,9.7198,9.7108,1.0,8,-0.0009259449782915707
1996-11-15,1997-01-23,9.7153,9.7845,1.0,46,0.007122785709139157
1997-04-16,1997-05-14,9.7728,9.7806,1.0,20,0.0007981335952849111
1997-05-21,1997-07-11,9.7879,9.8029,1.0,35,0.0015325044187208814
1997-08-21,1997-10-10,9.7242,9.7359,1.0,35,0.0012031838094652691
1997-10-17,1997-11-06,9.7589,9.7689,1.0,14,0.001024705653301039
1997-12-02,1997-12-30,9.7967,9.8208,1.0,19,0.0024600120448723395
1998-01-29,1998-02-18,9.7733,9.7549,1.0,13,-0.0018826803638486433
1998-03-23,1998-03-24,9.7053,9.6885,1.0,1,-0.001731012951686206
1998-03-25,1998-04-20,9.696,9.6796,1.0,17,-0.0016914191419140634
1998-04-23,1998-05-05,9.6913,9.6734,1.0,8,-0.0018470174280023066
1998-05-18,1998-06-10,9.6841,9.688,1.0,16,0.00040272198758795064
1998-07-27,1998-08-10,9.631,9.5998,1.0,10,-0.0032395389886823445
1998-08-26,1998-09-23,9.578,9.5965,1.0,19,0.0019315097097516443
1998-10-01,1998-10-13,9.6199,9.5925,1.0,8,-0.002848262455950712
1998-11-10,1998-11-24,9.6249,9.6176,1.0,10,-0.0007584494384358376
1998-11-25,1998-12-17,9.6249,9.6399,1.0,15,0.0015584577502103514
1999-01-15,1999-03-16,9.5697,9.6216,1.0,40,0.005423367503683663
1999-04-16,1999-04-23,9.6221,9.5886,1.0,5,-0.0034815684725787444
1999-05-14,1999-06-03,9.5423,9.5149,1.0,13,-0.0028714251281135583
1999-06-14,1999-07-06,9.5328,9.5155,1.0,15,-0.0018147868412219381
1999-07-23,1999-08-11,9.4625,9.4056,1.0,13,-0.006013210039630179
1999-09-21,1999-10-14,9.3202,9.285,1.0,17,-0.0037767429883478476
1999-11-18,1999-12-01,9.1383,9.0183,1.0,8,-0.013131545254587706
1999-12-10,2000-01-03,9.0189,8.9391,1.0,15,-0.008848085686724572
2000-01-04,2000-01-19,9.0233,8.9871,1.0,10,-0.004011836024514381
2000-01-31,2000-02-07,9.0122,8.9201,1.0,5,-0.010219480260091895
2000-02-25,2000-03-01,8.9531,8.775,1.0,3,-0.01989255118338884
2000-03-13,2000-03-21,8.8554,8.7337,1.0,6,-0.013743026853671125
2000-03-30,2000-04-27,8.8158,8.8068,1.0,19,-0.0010208943034095697
2000-05-02,2000-06-02,8.8861,9.1121,1.0,22,0.02543297959734847
2000-07-19,2000-08-17,8.9976,9.0199,1.0,21,0.002478438694762941
2000-09-12,2000-10-19,8.9073,9.6003,1.0,27,0.07780135394564036
2000-12-07,2000-12-11,9.683,9.6673,1.0,2,-0.0016213983269648402
2001-01-02,2001-01-17,9.8057,9.7883,1.0,10,-0.0017744781096709072
2001-04-04,2001-04-12,9.7644,9.7383,1.0,6,-0.0026729752980213517
2001-04-17,2001-04-18,9.7564,9.7351,1.0,1,-0.002183182321348065
2001-05-08,2001-06-20,9.7192,9.7449,1.0,30,0.0026442505556012463
2001-07-10,2001-07-12,9.7498,9.721,1.0,2,-0.0029539067468050684
2001-07-18,2001-08-09,9.753,9.7683,1.0,16,0.0015687480775146145
2001-08-21,2001-08-22,9.7785,9.7758,1.0,1,-0.00027611596870680266
2001-09-17,2001-10-04,9.7867,9.7967,1.0,13,0.0010217948848947334
2001-10-31,2001-11-01,9.7817,9.7724,1.0,1,-0.0009507549812406424
2001-12-12,2002-01-02,9.7467,9.7305,1.0,13,-0.0016621010188064833
2002-01-09,2002-01-24,9.7453,9.7314,1.0,10,-0.001426328589166026
2002-02-14,2002-03-06,9.7189,9.7235,1.0,13,0.00047330459208350106
2002-03-22,2002-04-05,9.7235,9.7176,1.0,9,-0.0006067773949709476
2002-04-23,2002-05-14,9.7221,9.7099,1.0,15,-0.0012548729184024277
2002-05-28,2002-07-03,9.7244,9.7817,1.0,26,0.0058923943893711694
2002-07-18,2002-07-30,9.8046,9.8007,1.0,8,-0.00039777247414474193
2002-08-30,2002-09-16,9.8067,9.8091,1.0,10,0.00024473064333574435
2002-10-03,2002-10-11,9.8108,9.8089,1.0,6,-0.00019366412524979282
2002-11-11,2003-01-02,9.8032,9.8064,1.0,35,0.00032642402480820287
2003-01-17,2003-01-28,9.8126,9.8083,1.0,6,-0.0004382120946538892
2003-03-04,2003-03-17,9.8085,9.8046,1.0,9,-0.00039761431411533543
2003-03-25,2003-04-28,9.8085,9.8148,1.0,23,0.0006423000458786188
2003-05-23,2003-06-18,9.7749,9.7678,1.0,17,-0.0007263501416895357
2003-07-03,2003-07-07,9.7678,9.761,1.0,1,-0.0006961649501423528
2003-07-15,2003-07-17,9.7635,9.7519,1.0,2,-0.001188098530240267
2003-07-29,2003-08-21,9.7535,9.7449,1.0,17,-0.0008817347618804705
2003-09-15,2003-10-07,9.7403,9.7312,1.0,16,-0.0009342628050470481
2003-10-22,2003-12-01,9.7353,9.7446,1.0,27,0.0009552864318511656
2003-12-10,2003-12-11,9.7566,9.7492,1.0,1,-0.0007584609392616848
2003-12-16,2003-12-24,9.7589,9.7564,1.0,6,-0.0002561764133254263
2004-01-22,2004-02-11,9.7405,9.726,1.0,14,-0.0014886299471279507
2004-02-19,2004-02-27,9.7378,9.7249,1.0,6,-0.0013247345396291133
2004-03-18,2004-03-29,9.7092,9.6892,1.0,7,-0.002059901948667231
2004-04-07,2004-04-16,9.6946,9.678,1.0,6,-0.0017122934417096447
2004-04-20,2004-05-13,9.691,9.6957,1.0,17,0.00048498606954905377
2004-05-17,2004-05-18,9.7007,9.6969,1.0,1,-0.0003917243085550526
2004-05-19,2004-05-21,9.7021,9.6964,1.0,2,-0.0005875016748950745
2004-06-30,2004-07-20,9.648,9.651,1.0,13,0.0003109452736318463
2004-07-23,2004-07-27,9.6644,9.6489,1.0,2,-0.0016038243450189338
2004-08-03,2004-08-24,9.6592,9.6532,1.0,15,-0.0006211694550273261
2004-10-11,2004-10-14,9.5939,9.5369,1.0,3,-0.0059412751852739865
2004-11-11,2004-11-23,9.4448,9.3914,1.0,8,-0.005653904794172493
2004-12-07,2007-03-19,9.3771,6.6839,1.0,18,-0.28721033155239895
2007-04-09,2007-05-31,6.5939,5.6103,1.0,37,-0.14916817058190146
2007-06-01,2007-06-04,5.7099,5.6053,1.0,1,-0.018319059878456834
2007-06-11,2007-07-05,5.646,5.1974,1.0,17,-0.07945448104852992
2007-07-25,2007-07-26,5.0364,4.7242,1.0,1,-0.06198872210308959
2007-07-30,2007-08-23,4.8874,5.2574,1.0,18,0.07570487375700763
2007-11-05,2007-11-28,3.2892,3.5021,1.0,16,0.06472698528517573
2007-12-18,2007-12-24,3.4035,2.8385,1.0,4,-0.16600558248861474
2008-01-03,2008-02-11,2.9767,5.3153,1.0,26,0.7856350992710046
2008-04-15,2008-04-18,4.6392,4.1871,1.0,3,-0.09745214692188298
2008-05-15,2008-07-08,3.1624,3.526,1.0,36,0.11497596761952944
2008-07-18,2008-08-06,4.0403,4.0746,1.0,13,0.008489468603816608
2008-08-29,2008-10-13,3.8839,6.0007,1.0,30,0.5450191817503025
2008-11-14,2008-11-25,6.7157,6.6957,1.0,7,-0.002978096103161132
2008-12-18,2009-01-05,6.7446,6.5607,1.0,10,-0.027266257450404785
2009-01-14,2009-01-23,6.891,6.7828,1.0,6,-0.015701639820055124
2009-02-19,2009-03-12,6.7014,6.4974,1.0,15,-0.030441400304414
2009-04-22,2009-04-23,5.5989,5.4599,1.0,1,-0.024826305167086393
2009-04-24,2009-05-04,5.5135,5.2217,1.0,6,-0.05292463952117521
2009-05-07,2009-05-28,5.3292,5.1146,1.0,14,-0.04026870824889284
2009-06-12,2009-07-01,5.0467,4.8374,1.0,13,-0.04147264549111318
2009-07-02,2009-07-15,4.9378,4.6928,1.0,8,-0.04961723844627164
2009-08-11,2009-09-15,4.1232,3.6828,1.0,25,-0.10681024447031429
2009-10-01,2009-10-07,3.4792,3.1439,1.0,4,-0.09637272936307206
2009-10-08,2009-10-09,3.1789,3.136,1.0,1,-0.013495234200509576
2009-10-13,2009-10-21,3.1521,2.6199,1.0,6,-0.1688398210716665
2009-10-28,2009-11-11,3.0671,2.681,1.0,10,-0.12588438590199202
2009-11-20,2009-12-22,2.7971,2.7932,1.0,21,-0.0013943012405704946
2010-01-12,2010-02-16,2.5499,2.6742,1.0,23,0.04874700968665424
2010-04-20,2010-04-21,1.2032,0.6807,1.0,1,-0.43425864361702127
2010-05-04,2010-06-01,0.6999,0.6232,1.0,19,-0.10958708386912419
2010-06-08,2010-06-15,1.0339,0.6639,1.0,5,-0.3578682657897282
2010-06-29,2010-07-23,0.7896,0.6549,1.0,17,-0.17059270516717318
2010-08-11,2010-09-02,1.0032,0.9324,1.0,16,-0.07057416267942596
2010-09-27,2010-10-04,0.4601,0.0129,1.0,5,-0.9719626168224299
2010-10-05,2010-10-29,0.3808,0.8108,1.0,18,1.1292016806722684
2010-11-04,2010-11-12,1.4283,1.0626,1.0,6,-0.2560386473429951
2010-11-29,2010-11-30,1.3783,1.174,1.0,1,-0.14822607560037737
2010-12-01,2010-12-17,1.3615,1.5118,1.0,12,0.11039294895336038
2010-12-21,2010-12-30,1.6401,1.6208,1.0,6,-0.011767575147856757
2011-01-04,2011-01-20,1.8933,1.9429,1.0,11,0.026197644324724045
2011-02-07,2011-02-18,2.6286,2.5815,1.0,9,-0.017918283496918486
2011-03-04,2011-03-08,2.9186,2.7672,1.0,2,-0.05187418625368334
2011-03-28,2011-04-05,2.5772,2.1647,1.0,6,-0.16005742666459732
2011-04-20,2011-05-13,2.2904,2.2222,1.0,16,-0.029776458260565852
2011-05-31,2011-06-07,2.484,1.9201,1.0,5,-0.22701288244766504
2011-06-24,2011-08-03,1.7168,4.0818,1.0,27,1.3775629077353218
2011-08-29,2011-09-09,3.989,3.5429,1.0,8,-0.11183253948357985
2011-09-14,2011-09-28,3.9651,4.2404,1.0,10,0.06943078358679489
2011-10-12,2011-10-21,4.4254,4.0926,1.0,7,-0.07520224160527855
2011-10-24,2011-10-25,4.5533,4.2676,1.0,1,-0.06274570092021181
2011-12-01,2011-12-16,3.9161,3.6693,1.0,11,-0.06302188401726216
2011-12-20,2012-01-24,4.2026,5.0761,1.0,22,0.20784752296197584
2012-01-25,2012-03-06,6.0136,8.9993,1.0,28,0.49649128641745377
2012-03-14,2012-03-29,11.1179,11.8422,1.0,11,0.06514719506381605
2012-05-23,2012-06-26,10.4386,10.4908,1.0,23,0.005000670588009903
2012-07-02,2012-07-23,11.2229,11.6268,1.0,14,0.035988915520943854
2012-08-03,2012-09-05,12.0508,14.0118,1.0,22,0.16272778570717294
2012-09-17,2012-09-24,15.0671,14.7461,1.0,5,-0.02130469698880344
2012-11-20,2012-12-07,10.2021,9.2143,1.0,12,-0.09682320306603542
2012-12-31,2013-01-15,9.1757,7.5239,1.0,10,-0.1800189631308784
2013-01-23,2013-01-24,8.5268,6.2589,1.0,1,-0.26597316695595064
2013-02-07,2013-03-01,6.9864,5.6382,1.0,15,-0.19297492270697347
2013-03-11,2013-04-02,5.9025,5.6139,1.0,15,-0.04889453621346884
2013-04-26,2013-05-16,5.1643,5.8936,1.0,14,0.14121952636368929
2013-05-30,2013-06-05,6.5011,6.27,1.0,4,-0.03554783036716869
2013-07-03,2013-08-27,5.4018,7.9318,1.0,38,0.4683623977192788
2013-09-26,2013-11-05,7.8471,9.2479,1.0,28,0.1785118069095588
2013-11-27,2013-12-13,10.0896,10.3921,1.0,11,0.029981366952108957
2014-01-23,2014-01-28,10.4546,8.6804,1.0,3,-0.16970520153807878
2014-02-10,2014-02-26,9.5964,9.1768,1.0,11,-0.04372473010712341
2014-03-03,2014-03-17,9.5486,9.5121,1.0,10,-0.003822549902603556
2014-03-19,2014-03-20,9.6736,9.5821,1.0,1,-0.009458733046642354
2014-03-21,2014-04-04,9.7311,9.6936,1.0,10,-0.003853623947960627
2014-04-22,2014-04-23,9.6889,9.4411,1.0,1,-0.025575658743510643
2014-04-24,2014-05-15,10.9775,11.8468,1.0,15,0.07918925074015037
2014-05-20,2014-05-21,12.4143,12.4714,1.0,1,0.004599534407900396
2014-05-23,2014-06-13,12.7507,13.6375,1.0,14,0.06954912279325831
2014-07-07,2014-07-17,14.8075,14.09,1.0,7,-0.04845517474252903
2014-07-24,2014-07-31,15.075,14.7175,1.0,5,-0.02371475953565505
2014-08-15,2014-09-03,15.43,15.67,1.0,12,0.01555411535968898
2014-10-21,2014-12-02,16.5525,19.71,1.0,29,0.19075668328047146
2014-12-29,2014-12-31,19.53,18.6475,1.0,2,-0.045186891961085496
2015-01-22,2015-03-02,19.1525,23.4425,1.0,26,0.22399164599921684
2015-04-10,2015-04-17,22.945,22.3575,1.0,5,-0.025604706907823016
2015-04-20,2015-04-30,23.07,22.4575,1.0,8,-0.026549631556133546
2015-05-15,2015-06-03,23.4875,23.84,1.0,12,0.015007982969664768
2015-07-15,2015-07-27,23.005,22.0225,1.0,8,-0.042708106933275314
2015-08-18,2015-08-20,20.555,19.5925,1.0,2,-0.04682558988080754
2015-08-28,2015-09-29,19.75,18.7225,1.0,21,-0.05202531645569619
2015-10-12,2015-11-11,19.325,20.59,1.0,22,0.06545924967658467
2016-01-22,2016-04-08,16.915,18.855,1.0,53,0.11469110257168191
2016-04-14,2016-04-15,19.715,19.1525,1.0,1,-0.0285315749429369
2016-05-18,2016-06-16,15.4725,16.22,1.0,20,0.048311520439489275
2016-07-06,2016-08-22,15.715,19.1025,1.0,33,0.21555838370983138
2016-09-15,2016-09-29,20.8675,20.02,1.0,10,-0.04061339403378461
2016-10-11,2016-10-21,21.05,21.125,1.0,8,0.0035629453681709222
2016-11-21,2017-01-03,20.05,21.155,1.0,28,0.05511221945137157
2017-01-09,2017-01-24,21.865,22.11,1.0,10,0.011205122341641838
2017-01-25,2017-02-27,22.5875,26.4925,1.0,22,0.1728832318760376
2017-05-01,2017-05-22,28.905,30.915,1.0,15,0.06953814218993237
2017-07-10,2017-08-21,28.6825,31.8775,1.0,30,0.11139196374095706
2017-08-29,2017-09-06,33.3025,33.0525,1.0,5,-0.007506943923128895
2017-10-06,2017-11-16,31.4,35.5075,1.0,29,0.13081210191082815
2017-12-18,2017-12-26,36.8375,35.375,1.0,5,-0.03970139124533423
2018-01-08,2018-01-24,36.32,36.2875,1.0,11,-0.0008948237885462174
2018-02-14,2018-03-19,34.7325,36.715,1.0,22,0.05707910458504295
2018-04-10,2018-04-20,36.2025,34.32,1.0,8,-0.05199917132794696
2018-05-02,2018-05-25,37.0325,40.2175,1.0,17,0.08600553567812064
2018-06-06,2018-06-08,41.5675,40.9975,1.0,2,-0.013712636073855755
2018-07-09,2018-07-30,40.7175,40.55,1.0,15,-0.004113710321115072
2018-08-01,2018-09-07,43.4475,48.58,1.0,26,0.11813107773749931
2018-10-02,2018-10-08,50.575,49.1975,1.0,4,-0.027236777063766815
2018-12-03,2018-12-10,39.6425,35.8375,1.0,4,-0.0959828466923125
2018-12-12,2018-12-20,35.7125,32.645,1.0,6,-0.08589429471473564
2018-12-28,2019-03-06,32.495,37.25,1.0,45,0.14633020464686886
2019-03-12,2019-03-28,38.8475,40.8,1.0,12,0.050260634532466764
2019-04-02,2019-04-15,42.125,43.4275,1.0,9,0.030919881305637942
2019-04-18,2019-04-26,44.585,44.695,1.0,5,0.002467197487944439
2019-06-06,2019-07-17,40.1175,44.65,1.0,28,0.11298061943042303
2019-07-23,2019-08-02,46.0225,44.8175,1.0,8,-0.026182845347384354
2019-08-19,2019-08-27,46.5925,45.045,1.0,6,-0.033213500026828324
2019-09-05,2019-09-24,47.325,48.425,1.0,13,0.02324352879027991
2019-10-07,2019-11-20,50.77,59.995,1.0,32,0.18170179239708473
2019-12-16,2020-01-24,64.1625,73.775,1.0,26,0.1498149230469512
2020-03-27,2020-05-27,56.325,74.1225,1.0,41,0.3159786950732357
2020-06-08,2020-06-29,77.96,85.04,1.0,15,0.09081580297588521
2020-07-08,2020-07-17,89.9375,90.9225,1.0,7,0.010952050034746419
2020-07-20,2020-07-21,92.9525,91.595,1.0,1,-0.01460423334498806
2020-07-31,2020-09-03,100.855,115.68,1.0,24,0.14699320807099303
2020-10-01,2020-10-21,111.59,111.67,1.0,14,0.000716910117394054
2020-11-06,2020-11-23,113.695,108.855,1.0,11,-0.04257003386252689
2020-12-01,2021-01-05,117.725,126.015,1.0,23,0.07041834784455303
2021-01-22,2021-02-01,134.075,129.145,1.0,6,-0.03677046429237352
2021-03-15,2021-04-29,119.2,128.69,1.0,32,0.0796140939597314
2021-06-07,2021-07-21,121.33,140.83,1.0,31,0.16071870106321606
2021-08-17,2021-08-18,145.84,142.01,1.0,1,-0.026261656609983586
2021-08-31,2021-09-10,147.48,144.62,1.0,7,-0.019392459994575395
2021-10-14,2021-11-10,139.41,143.79,1.0,19,0.0314181192166989
2021-11-17,2021-12-17,149.36,167.01,1.0,21,0.11817086234600938
2022-02-01,2022-02-17,170.48,164.97,1.0,12,-0.032320506804317195
2022-03-18,2022-04-08,160.07,166.18,1.0,15,0.038170800274879735
2022-05-27,2022-06-13,145.96,128.2,1.0,10,-0.12167717182789817
2022-06-23,2022-08-22,134.59,164.12,1.0,41,0.21940708819377375
2022-10-17,2022-11-04,138.96,135.16,1.0,14,-0.02734599884858957
2022-11-11,2022-11-29,146.48,137.95,1.0,11,-0.058233205898416185
2023-01-09,2023-02-21,126.93,145.49,1.0,29,0.14622232726699758
2023-03-16,2023-04-11,152.86,157.81,1.0,17,0.03238257228836838
2023-04-19,2023-04-20,164.64,163.66,1.0,1,-0.005952380952380931
2023-05-01,2023-05-02,166.6,165.55,1.0,1,-0.006302521008403228
2023-05-05,2023-05-16,170.58,169.32,1.0,7,-0.0073865634892720244
2023-05-18,2023-05-22,172.3,171.45,1.0,2,-0.004933255948926463
2023-05-31,2023-06-26,174.5,182.52,1.0,17,0.0459598853868195
2023-06-27,2023-07-10,185.31,185.86,1.0,8,0.0029679995682909688
2023-08-25,2023-09-12,176.1,173.79,1.0,11,-0.013117546848381623
2023-10-04,2023-10-20,171.15,170.37,1.0,12,-0.004557405784399671
2023-11-02,2023-11-30,175.06,187.68,1.0,19,0.07208956929052901
2023-12-08,2023-12-11,193.44,190.91,1.0,1,-0.013078990901571608
2023-12-13,2023-12-19,195.69,194.67,1.0,4,-0.005212325617047431
2024-01-19,2024-01-31,189.29,182.13,1.0,8,-0.037825558666596204
2024-03-18,2024-04-19,171.69,162.97,1.0,23,-0.050789213116663734
2024-04-25,2024-05-29,167.86,188.51,1.0,23,0.12301918265221001
2024-06-05,2024-06-06,194.09,192.7,1.0,1,-0.007161626049770775
2024-06-07,2024-06-10,195.11,191.34,1.0,1,-0.019322433499051828
2024-06-11,2024-06-25,205.37,207.29,1.0,9,0.009348979889954645
2024-07-02,2024-07-18,218.49,222.4,1.0,11,0.017895555860680146
2024-08-14,2024-09-04,220.19,219.32,1.0,14,-0.0039511331123121
2024-09-20,2024-10-07,226.67,220.16,1.0,11,-0.02872016587991344
2024-10-10,2024-10-25,227.51,229.88,1.0,11,0.010417124521999055
2024-11-18,2024-12-30,226.99,251.17,1.0,28,0.10652451649852401
2025-01-29,2025-03-03,238.33,237.25,1.0,22,-0.004531531909537256
2025-03-25,2025-04-03,222.97,202.41,1.0,7,-0.0922097143113424
2025-04-15,2025-05-08,201.36,196.71,1.0,16,-0.023092967818831966
2025-05-12,2025-05-22,210.27,200.84,1.0,8,-0.04484710134588865
2025-06-06,2025-06-11,203.4,198.26,1.0,3,-0.025270403146509413
2025-06-23,2025-07-29,200.98,210.75,1.0,25,0.04861180216937022
2025-08-07,2025-08-25,219.51,226.9,1.0,12,0.03366589221447769
2025-09-03,2025-09-10,238.21,226.53,1.0,5,-0.049032366399395566
2025-09-19,2025-10-07,245.24,256.22,1.0,12,0.04477246778665811
2025-10-23,2025-11-07,259.32,268.21,1.0,11,0.0342819682245874
2025-11-28,2025-12-08,278.85,277.89,1.0,6,-0.0034427111350189277
